Position,Salary
IT Manager,170711.55
DevOps Engineer,161859.0810810811
Cloud Solutions Architect,160841.63333333333
IT Security Analyst,134440.8205128205
Database Administrator (DBA),132864.55263157896
Software Engineer,131357.41666666666
Systems Analyst,127658.18918918919
Network Administrator,116865.06451612903
Systems Administrator,113117.44736842105
Web Developer,108238.11627906977
IT Support Specialist,87683.80645161291
